username,name,email,age,gender,pref,nationality,religion,likes,dislikes,hobbies,tag,
DolphineSoul,Joan ,e@g.com,23,on,Women,France,Nothing,I am chilling,Can we chill together,Sailing,wefwef,
Etwas,ewefwe,e@g.com,sss,female,Other,,ssss,ssss,sss,ssss,sss,
HoppingTiger,Joany,e@g.com,222,female,Men,Germany,ewfwe,wefw,,,,

AngryHamburger,,e@g.com,,,,,I don't like it punkt,,,
CoffeeCup,,e@g.com,,,,,,,,
SneakyFrisker,,e@g.com,,,,,,,,
Hoping,,e@g.com,,,,,,,,
Credit,,e@g.com,,,,,,,,
Babygotback,Joany,e@g.com,33,other,Women,Italy,Christian,Etwas,Etwas,Sports,Hi there,
HappyDancey,,e@g.com,,,,,,,,
hk,,e@g.com,,,,,,,,
hk,,e@g.com,,,,,,,,
hk,,e@g.com,,,,,,,,
hk,,e@g.com,,,,,,,,
hk,,e@g.com,,,,,,,,
hk,,e@g.com,,,,,,,,
hi,Carrie Rodgers-O'Neal,aubreyo@umich.edu,,,,,,,,
hi,Carrie Rodgers-O'Neal,aubreyo@umich.edu,,,,,,,,
hi,Carrie Rodgers-O'Neal,aubreyo@umich.edu,,,,,,,,
hi,Carrie Rodgers-O'Neal,aubreyo@umich.edu,,,,,,,,
HappyDancey,,e@g.com,,,,,,,,
